{"Keys":["com.unity.services.core.environment-name","com.unity.services.core.cloud-environment","com.unity.purchasing.version","com.unity.purchasing.initializer-assembly-qualified-names","com.unity.services.core.version","com.unity.services.core.initializer-assembly-qualified-names","com.unity.services.analytics.version","com.unity.services.analytics.initializer-assembly-qualified-names","com.unity.services.core.all-package-names"],"Values":[{"m_Value":"production","m_IsReadOnly":false},{"m_Value":"production","m_IsReadOnly":false},{"m_Value":"4.14.2","m_IsReadOnly":true},{"m_Value":"UnityEngine.Purchasing.Registration.IapCoreInitializeCallback, UnityEngine.Purchasing.Stores, Version=0.0.0.0, Culture=neutral, PublicKeyToken=null","m_IsReadOnly":true},{"m_Value":"1.16.0","m_IsReadOnly":true},{"m_Value":"Unity.Services.Core.Registration.CorePackageInitializer, Unity.Services.Core.Registration, Version=0.0.0.0, Culture=neutral, PublicKeyToken=null;Unity.Services.Core.Internal.IInitializablePackageV2, Unity.Services.Core.Internal, Version=0.0.0.0, Culture=neutral, PublicKeyToken=null;Unity.Services.Core.Editor.StatusInitializer, Unity.Services.Core.Editor, Version=0.0.0.0, Culture=neutral, PublicKeyToken=null","m_IsReadOnly":true},{"m_Value":"6.2.0","m_IsReadOnly":true},{"m_Value":"Ua2CoreInitializeCallback, Unity.Services.Analytics, Version=0.0.0.0, Culture=neutral, PublicKeyToken=null","m_IsReadOnly":true},{"m_Value":"com.unity.purchasing;com.unity.services.core;com.unity.services.analytics","m_IsReadOnly":false}]}